index,day,hour,true_kwh_h,pred_kwh_h,error
0,0,0,1389.2480052650774,1697.9315185546875,-308.6835132896101
6,0,6,1220.1811042969482,1197.252685546875,22.928418750073206
12,0,12,578.4571965800271,564.9227905273438,13.53440605268338
18,0,18,1130.7923913815362,1121.01708984375,9.775301537786163
23,0,23,1371.9155820594528,1082.918701171875,288.99688088757784
24,1,0,754.0038347383978,967.260009765625,-213.2561750272272
48,2,0,508.92319041913504,619.75537109375,-110.83218067461496
72,3,0,939.6680746805064,814.8953857421875,124.77268893831888
