index,day,hour,true_kwh_h,pred_kwh_h,error
0,0,0,1389.2480052650774,2385.35400390625,-996.1059986411726
6,0,6,1220.1811042969482,1279.67529296875,-59.494188671801794
12,0,12,578.4571965800271,716.2146606445312,-137.75746406450412
18,0,18,1130.7923913815362,1023.1828002929688,107.60959108856741
23,0,23,1371.9155820594528,918.3869018554688,453.5286802039841
24,1,0,754.0038347383978,877.9705810546875,-123.96674631628969
48,2,0,508.92319041913504,770.0530395507812,-261.1298491316462
72,3,0,939.6680746805064,776.8397216796875,162.82835300081888
