index,day,hour,true_kwh_h,pred_kwh_h,error
0,0,0,1389.2480052650774,2030.461669921875,-641.2136646567976
6,0,6,1220.1811042969482,980.0814208984375,240.0996833985107
12,0,12,578.4571965800271,492.5245361328125,85.93266044721463
18,0,18,1130.7923913815362,1034.2646484375,96.52774294403616
23,0,23,1371.9155820594528,905.3561401367188,466.5594419227341
24,1,0,754.0038347383978,861.0733642578125,-107.06952951941469
48,2,0,508.92319041913504,785.8259887695312,-276.9027983503962
72,3,0,939.6680746805064,761.3193969726562,178.34867770785013
