index,day,hour,true_kwh_h,pred_kwh_h,error
0,0,0,1389.2480052650774,2324.4365234375,-935.1885181724226
6,0,6,1220.1811042969482,1055.7025146484375,164.4785896485107
12,0,12,578.4571965800271,612.6737060546875,-34.21650947466037
18,0,18,1130.7923913815362,888.1512451171875,242.64114626434866
23,0,23,1371.9155820594528,904.859375,467.05620705945284
24,1,0,754.0038347383978,846.57470703125,-92.57087229285219
48,2,0,508.92319041913504,725.9653930664062,-217.0422026472712
72,3,0,939.6680746805064,673.2371826171875,266.4308920633189
