index,day,hour,true_kwh_h,pred_kwh_h,error
0,0,0,1389.2480052650774,2576.85546875,-1187.6074634849226
6,0,6,1220.1811042969482,2039.0291748046875,-818.8480705077393
12,0,12,578.4571965800271,1680.0677490234375,-1101.6105524434104
18,0,18,1130.7923913815362,1204.23388671875,-73.44149533721384
23,0,23,1371.9155820594528,818.1915283203125,553.7240537391403
24,1,0,754.0038347383978,759.2564086914062,-5.2525739530084365
48,2,0,508.92319041913504,253.59423828125,255.32895213788504
72,3,0,939.6680746805064,297.277587890625,642.3904867898814
